,x,y,y-x
0,-0.110298781754,0.252064000767,0.36236278252099996
1,2.05324016716,-0.324025348673,-2.377265515833
2,0.33755973546499995,-0.027455511360299997,-0.36501524682529995
3,0.371275790216,0.42577325299999996,0.05449746278399997
4,-0.0928635455748,-0.369918715833,-0.27705517025820003
5,-1.74475151221,0.0633223172029,1.8080738294129
6,2.06963544819,-0.00037664103228800006,-2.070012089222288
7,0.323277785593,-0.352087353603,-0.675365139196
8,-0.7274800298909999,-0.05228043921080001,0.6751995906801999
9,-0.9319472755529999,0.040829241348699995,0.9727765169017
10,0.5550351384409999,0.21587045546300002,-0.33916468297799995
11,-1.1840343267,-0.932011042609,0.25202328409099994
12,0.741989161215,-0.764806159742,-1.506795320957
13,-0.506683637853,-0.59999977658,-0.09331613872700006
14,-1.29383328249,0.64870479315,1.94253807564
15,-0.21946122254099998,-0.905200868592,-0.685739646051
16,-0.319768581594,0.349054985362,0.6688235669560001
17,-0.288551934258,0.530384798551,0.818936732809
18,0.650875832229,0.205726105146,-0.44514972708300005
19,-0.141505734578,0.213656329318,0.355162063896
20,-1.46650855091,-0.228964706857,1.237543844053
21,0.0585578924465,1.41077848413,1.3522205916835
22,-0.389278192857,0.530390219084,0.9196684119409999
23,1.84468287822,0.204135723332,-1.640547154888
24,0.8959868430850001,0.507373793135,-0.3886130499500001
25,0.29772472684,0.168085732046,-0.129638994794
26,-0.265586553889,-0.952309401349,-0.68672284746
27,0.499645990554,1.1415453409799998,0.6418993504259998
28,0.643815861948,-0.30318863471,-0.947004496658
29,-0.376416824019,-1.37872349802,-1.002306674001
30,-1.60226115382,1.1362464067799998,2.7385075605999996
31,1.49658667815,0.5631873140899999,-0.93339936406
32,1.34843245601,1.3528461614700003,0.004413705460000195
33,0.28807613549100003,-1.2423643360299998,-1.5304404715209998
34,0.7027594435660001,0.7574527522519999,0.054693308685999864
35,0.270812306096,-0.496119915741,-0.766932221837
36,0.639655575583,0.725014083134,0.08535850755099994
37,1.24489097217,1.9288748831799998,0.6839839110099997
38,-0.0936841429576,-0.959848994057,-0.8661648510994
39,-2.0185659123599997,-0.14514595123,1.8734199611299998
40,1.9083666275599998,0.510960167428,-1.3974064601319998
41,1.62925637861,-0.18288433248,-1.81214071109
42,-0.347404452729,1.3115311622299999,1.6589356149589998
43,-0.24174675889000002,-0.9408789045999999,-0.6991321457099999
44,-1.99271506273,0.0284415292566,2.0211565919866
45,0.45414380708400004,0.7804987301459999,0.32635492306199987
46,-0.591650121558,-0.95226518469,-0.360615063132
47,0.300642852696,1.27313212078,0.9724892680839999
48,-0.9711508755930001,-0.431225352628,0.5399255229650001
49,-1.5779783103799998,-0.384824321854,1.1931539885259999
50,-0.5867676206,0.209142269312,0.795909889912
51,-0.222718771908,-0.310192764867,-0.08747399295899999
52,-0.52691996048,-1.91608284465,-1.3891628841700001
53,-0.343957592288,-0.384859254059,-0.04090166177100002
54,-0.699091322042,-0.456902014349,0.24218930769299996
55,0.0601278034825,-0.708262601056,-0.7683904045385
56,0.707224197196,-0.23701945299000002,-0.9442436501860001
57,1.5428733754700001,-0.194331431075,-1.737204806545
58,0.588849491479,-0.537479429125,-1.1263289206040001
59,-0.6307147108910001,-0.8667288604860001,-0.236014149595
60,1.7843841044,0.322069379254,-1.462314725146
61,0.600284820378,0.247724499191,-0.352560321187
62,-1.2869711821799998,-0.784831908857,0.5021392733229998
63,3.01441444898,0.0247907936857,-2.9896236552943
64,2.00448304965,0.015366721623,-1.9891163280270001
65,0.11535974573100001,1.31303881316,1.1976790674289999
66,1.20975152846,0.999304126209,-0.210447402251
67,-1.89530637917,-0.179433549364,1.715872829806
68,-0.905051587782,0.604619300103,1.509670887885
69,0.673059172894,0.294184058534,-0.37887511436
70,0.17852464305799998,0.415798176478,0.23727353342000002
71,-1.33167445893,0.325907602428,1.6575820613580001
72,-0.5172643455789999,-1.33007582759,-0.8128114820110001
73,-0.665770434986,-0.5708923624000001,0.0948780725859999
74,-0.543662552234,-0.8509490832600001,-0.3072865310260001
75,0.27355413710099996,-1.78324485503,-2.056798992131
76,0.59340131166,0.42995519679399996,-0.16344611486600003
77,-1.8238458600999998,-0.149867803459,1.6739780566409999
78,0.11397800542400001,0.9381426747480001,0.824164669324
79,-0.8969907114129999,-1.3304620578,-0.433471346387
80,0.723187496372,-0.39591124715400006,-1.119098743526
81,0.06956801870160001,1.68217455133,1.6126065326284
82,-0.722800502488,1.7596035803299999,2.482404082818
83,-0.105529403475,-0.13105429933,-0.025524895855000007
84,-1.12738176586,-1.66981647948,-0.5424347136199998
85,0.27866678899999997,-0.0768888142052,-0.35555560320519997
86,-0.54306552576,1.08043726094,1.6235027867
87,-0.973087321054,0.41248575410599997,1.38557307516
88,2.15047408859,0.9939278681910001,-1.156546220399
89,-0.544784272155,-0.35514153992200004,0.189642732233
90,-0.182189093031,0.166222790448,0.348411883479
91,-1.5861670838100002,-0.7161121555750001,0.8700549282350001
92,1.1877341909,-1.59694051151,-2.7846747024100003
93,0.0206972424205,1.5007441346000001,1.4800468921795
94,1.2522537006399999,0.22603312533000003,-1.0262205753099998
95,0.787889727648,0.7343695665819999,-0.053520161066000105
96,-0.928022068092,-0.40247467435400003,0.525547393738
97,-0.36069260712300005,2.29959331161,2.660285918733
98,0.638565107022,2.66917627367,2.0306111666480002
99,-0.9055671146050001,0.548814682527,1.454381797132
100,-1.32984370125,-0.07830736065310001,1.2515363405969
101,1.59856189495,-0.201300909709,-1.799862804659
102,-0.38967433122100004,-0.417883169783,-0.02820883856199996
103,0.340680277139,0.0276642460978,-0.3130160310412
104,-0.680003521361,-0.205023676751,0.47497984461
105,-0.692806470967,-0.570565740609,0.12224073035799998
106,0.651575819198,-0.720155465714,-1.371731284912
107,-0.290874994707,-1.1543343850499999,-0.8634593903429999
108,0.0862042476485,-0.46751637861199996,-0.5537206262605
109,-0.129454034226,-1.3299187753,-1.200464741074
110,0.0740854724058,0.263143521893,0.1890580494872
111,-0.15491892797499998,-1.1076442175799999,-0.9527252896049999
112,-1.9508618105000002,0.272660355969,2.2235221664690004
113,0.825162046601,-1.18609428448,-2.011256331081
114,-2.39559369425,-1.14022103264,1.25537266161
115,-0.00404040855873,1.27218270962,1.27622311817873
116,-0.9907810358470001,-0.336086738886,0.6546942969610001
117,0.512901797972,-1.33398250058,-1.8468842985519998
118,-0.250071817518,-1.61954256222,-1.3694707447019998
119,-1.45203982521,-0.796755373841,0.6552844513689999
120,0.677199303459,1.47504465511,0.797845351651
121,0.0318737046241,-0.317493463731,-0.3493671683551
122,-1.5148848169799998,0.767789884246,2.282674701226
123,1.8544075134400002,1.41856458894,-0.4358429245000002
124,-0.427118092497,0.0471078268226,0.4742259193196
125,-0.156774218254,0.605008582598,0.761782800852
126,0.383483466869,-0.791745278069,-1.175228744938
127,1.53867745495,-0.528284371965,-2.066961826915
128,1.71876198126,-0.676772554947,-2.3955345362069997
129,0.18772308555199999,-1.4603332054,-1.648056290952
130,1.22295748934,-1.7184325576400004,-2.9413900469800005
131,-1.09760649525,-1.42939669992,-0.3317902046700001
132,-0.329526878724,-0.0835470772296,0.2459798014944
133,0.9551677696009999,1.00425639626,0.049088626659000045
134,0.946936412739,-0.024527015964599996,-0.9714634287035999
135,-0.933942909641,1.07763069772,2.011573607361
136,1.34091377215,0.289197992258,-1.051715779892
137,-0.109417266553,1.7274850676400002,1.8369023341930002
138,0.834577448161,1.13218332005,0.297605871889
139,1.55253101259,-1.47582177581,-3.0283527884000003
140,0.268211270191,1.0207069880500002,0.7524957178590002
141,0.639442194756,0.00872808437867,-0.6307141103773299
142,0.134694943283,-0.274356844141,-0.40905178742399995
143,-0.0084269997516,-0.8418620132619999,-0.8334350135104
144,1.5440110138999998,0.33594718262199996,-1.2080638312779999
145,-0.21345973965999998,0.315356921342,0.528816661002
146,0.806031495269,0.751416521402,-0.05461497386699998
147,-1.3920080216100001,-0.461407880326,0.9306001412840001
148,1.93870430259,-2.1826783524,-4.12138265499
149,1.77118414901,-1.4319787288299999,-3.2031628778399996
150,-1.7406241596799998,1.8220624979099997,3.5626866575899996
151,0.409574998225,-0.39317893932400005,-0.802753937549
152,1.00216525014,0.258451867794,-0.743713382346
153,0.723374580236,-1.20425226532,-1.927626845556
154,1.36518506402,-0.0414148781374,-1.4065999421574
155,1.8755606347099998,0.8297799256049999,-1.0457807091049998
156,0.153686298543,0.9004353855249999,0.7467490869819999
157,-0.519706664471,0.8938440227240001,1.413550687195
158,1.8736121332099998,0.0127655469649,-1.8608465862450998
159,1.3896812532700002,0.7767995912540001,-0.6128816620160001
160,-0.0150294913095,-0.0445510188978,-0.029521527588299998
161,0.0554662834038,-0.21344554316300002,-0.2689118265668
162,0.354379459067,-0.29065963732,-0.6450390963870001
163,0.205392974511,-1.03251134409,-1.237904318601
164,-0.919226798374,-0.17277471762200003,0.746452080752
165,1.84294066792,-0.40097707556900003,-2.243917743489
166,-0.870484543246,0.6533708935939999,1.52385543684
167,-0.63169807311,1.0864837100799998,1.71818178319
168,-0.709574392976,0.8585770603849999,1.568151453361
169,0.214815908951,0.105107816788,-0.109708092163
170,0.287325166607,1.26632747673,0.9790023101229999
171,-1.25198499401,0.56843555198,1.82042054599
172,0.9475221575689999,-0.526591247422,-1.4741134049909999
173,1.93428714105,-2.11229550927,-4.0465826503199995
174,0.43795922897699996,1.62486563852,1.186906409543
175,0.320923780785,0.520255285099,0.19933150431399999
176,1.3683526641100001,0.857210626674,-0.5111420374360001
177,0.337551344816,-0.290556083334,-0.6281074281500001
178,-0.48852630152599996,1.16909558218,1.657621883706
179,1.2360372102200001,0.12318624710300001,-1.112850963117
180,1.22923824156,1.8494680107900003,0.6202297692300003
181,-1.53847781846,1.1238797470200002,2.6623575654800002
182,0.32142419355,0.0636609726374,-0.2577632209126
183,-0.108215495286,0.8922222131990001,1.000437708485
184,-0.692619741989,-0.16432182550899999,0.52829791648
185,-0.217379659934,-0.30921775199900003,-0.09183809206500004
186,-0.27099428163600003,1.2132118240799998,1.4842061057159999
187,0.128440845466,-1.05940980655,-1.187850652016
188,-1.71477428068,-0.566062173198,1.148712107482
189,0.153460068355,-1.6312843558899999,-1.784744424245
190,1.45348496669,0.177915287818,-1.2755696788720001
191,1.0074703633,-0.77607991092,-1.78355027422
192,-0.198913721485,1.5249285555,1.7238422769850001
193,-0.620192229542,-2.01958935555,-1.399397126008
194,-0.124159523955,0.587525143924,0.711684667879
195,-0.664315530733,-0.44413849082199996,0.22017703991100002
196,0.794347833048,1.21135845403,0.4170106209819999
197,1.42659554696,0.721714508107,-0.704881038853
198,0.328260582516,-0.564153736429,-0.892414318945
199,-0.287456888157,1.22666271838,1.5141196065370002
200,-1.53524765954,0.701909515795,2.237157175335
201,1.0605207044299998,0.821255235282,-0.23926546914799984
202,-1.33707318859,-0.871857758597,0.46521542999300003
203,0.45032496562200003,-0.349994155463,-0.800319121085
204,-0.577176253087,-1.8723448483200003,-1.295168595233
205,0.511808214285,-0.156650384487,-0.668458598772
206,0.538223230866,-0.176385623479,-0.714608854345
207,-0.384431532206,-0.010502259367200001,0.3739292728388
208,0.17388087669900001,-0.732834134965,-0.906715011664
209,0.446105958297,0.610174532909,0.16406857461200003
210,-0.108858828438,-0.0623154296593,0.0465433987787
211,-1.3849755010299998,-0.27995424325199997,1.1050212577779999
212,0.9111963855959999,-1.1183485269,-2.029544912496
213,0.448452308055,-0.103205323305,-0.55165763136
214,2.77034826515,-0.37685389544,-3.14720216059
215,1.51888961613,-0.00126244931004,-1.52015206544004
216,-0.24172184143300002,-0.878605623026,-0.636883781593
217,0.371719928687,-0.045894613442299996,-0.4176145421293
218,0.166777061916,-1.29650315365,-1.463280215566
219,-1.3818507970700002,1.64858666725,3.0304374643200003
220,0.17182814252099998,-1.10654593657,-1.278374079091
221,0.9378049981000001,-1.8382201566,-2.7760251547
222,-0.630670715145,-0.235942151462,0.3947285636829999
223,-0.136777273353,-0.06290387756350001,0.07387339578949999
224,-1.46652249579,0.11854910639,1.58507160218
225,1.67090516569,0.43711012837700003,-1.233795037313
226,-1.37551845276,0.018827130331999998,1.394345583092
227,0.8080550498919999,0.112906812746,-0.6951482371459999
228,-0.112686073225,0.313255431782,0.425941505007
229,0.026127127112,0.246304461046,0.22017733393400002
230,-0.22538715644299998,0.00311385444542,0.22850101088841998
231,-1.45183228586,-0.9089905985079999,0.542841687352
232,0.911228650322,-0.41975289117700004,-1.330981541499
233,-1.0581518672399999,-0.977191321109,0.0809605461309999
234,0.595236435321,-0.82207834965,-1.417314784971
235,-2.17224755872,1.7444070199000001,3.91665457862
236,0.6754814691590001,0.050943204726,-0.6245382644330001
237,0.959478268924,-1.00057574846,-1.960054017384
238,-0.829844584575,1.25137665892,2.081221243495
239,-2.24660653442,1.15462373786,3.4012302722800003
240,0.571824707049,1.06231872669,0.49049401964100003
241,0.134873590222,-0.0050834948556599995,-0.13995708507766
242,0.786825372684,1.1575770126,0.370751639916
243,0.719666047479,1.6852379631099998,0.9655719156309999
244,-0.164778355165,0.716179240653,0.880957595818
245,0.644799253948,1.36430133063,0.7195020766820001
246,-2.0545436741900005,-0.0074306967012999995,2.0471129774887005
247,0.768842989286,-1.51068635266,-2.279529341946
248,0.848728731193,0.563747607054,-0.284981124139
249,0.664296597496,0.642930783981,-0.021365813515
250,1.0989022699700002,1.24600414714,0.1471018771699999
251,-0.7140838978030001,-0.9009461835349999,-0.1868622857319998
252,-1.06578716442,0.62760735124,1.69339451566
253,-0.731595143866,0.330344500574,1.06193964444
254,0.7726732359399999,-1.27098613517,-2.04365937111
255,-0.010239567066700001,0.0509526422616,0.061192209328299996
256,-1.67960697571,-1.27696470875,0.40264226696000005
257,1.05951635558,-0.17414054257300002,-1.233656898153
258,0.258680503436,-0.47621997250500003,-0.734900475941
259,-0.507650583634,-0.33987382255000004,0.16777676108399991
260,1.6977873304100002,0.07970719379800001,-1.6180801366120001
261,0.5238448240169999,-0.8265356185510001,-1.350380442568
262,-0.0492101671655,0.523176012993,0.5723861801585
263,-0.110277825054,0.156645224516,0.26692304957
264,0.0276131311251,0.0830808450588,0.05546771393370001
265,-0.519675951872,-0.7415702560699999,-0.22189430419799994
266,-0.518749809197,0.135617927251,0.654367736448
267,0.772878281465,0.9292532176989999,0.1563749362339999
268,-2.3900816796599997,-0.346651508223,2.0434301714369996
269,0.413340852963,0.37352737077,-0.039813482193000016
270,-0.818785051758,0.233585792286,1.052370844044
271,-0.524020641355,-0.38752709814099995,0.1364935432140001
272,0.38834457264100003,-0.327693089196,-0.716037661837
273,-0.174432686571,-0.9373343910200002,-0.7629017044490002
274,0.8519156282629999,0.801651104391,-0.05026452387199998
275,0.11669807003799999,-1.7454294908599999,-1.862127560898
276,-0.16135481527599999,-0.607123588542,-0.445768773266
277,0.828837124657,-1.40305223274,-2.231889357397
278,-0.294621221842,0.610002875674,0.904624097516
279,1.13550186552,-0.434666291925,-1.570168157445
280,0.563536595571,0.7740916300049999,0.21055503443399992
281,0.177525458937,0.0458173036301,-0.1317081553069
282,0.44732828366899996,-0.24331283553199998,-0.6906411192009999
283,-0.29851498181499997,-0.125525587278,0.17298939453699996
284,-1.97921765868,2.40522057426,4.38443823294
285,-0.643192366858,-1.91232199645,-1.269129629592
286,-0.24813180049199998,-0.502632662913,-0.254500862421
287,0.7161340708689999,-1.1281939663200002,-1.8443280371890003
288,0.350253736359,0.014275370245299998,-0.33597836611369997
289,0.190807673108,-1.41840683896,-1.609214512068
290,1.6713950675600002,0.041040410913199994,-1.6303546566468001
291,0.313458408835,-1.25463992256,-1.5680983313949999
292,-2.3906121801499998,-1.1825940705700002,1.2080181095799996
293,0.242412363345,2.39267046995,2.150258106605
294,-1.40310590961,-0.256829028201,1.146276881409
295,0.20826890682799998,-0.42895061363799997,-0.637219520466
296,0.955725584382,0.227132173662,-0.72859341072
297,-0.182315619034,-0.600792107304,-0.41847648827
298,0.167050824375,0.644628746391,0.477577922016
299,2.0394097971900003,-1.5180077429199998,-3.5574175401100003
300,-0.017476741335099997,-0.716958232473,-0.6994814911378999
301,0.784448904709,0.16615850268500001,-0.618290402024
302,0.38788598208499997,0.886225478479,0.49833949639400005
303,-1.271427272,-1.7355311322599998,-0.46410386025999983
304,1.1255289767299999,-0.332822132085,-1.4583511088149999
305,1.77156747997,-0.265319739396,-2.036887219366
306,0.14776147603700002,-0.017581974867200003,-0.16534345090420002
307,-0.95380268669,1.03818952241,1.9919922091
308,0.688115286012,-0.523486825594,-1.211602111606
309,0.166537906824,-1.18973857955,-1.356276486374
310,0.285858339384,1.79525823281,1.509399893426
311,-0.476860832423,0.0522134626803,0.5290742951033
312,0.07551926262269999,0.220229275167,0.1447100125443
313,-0.32946968508200003,-1.56529492852,-1.235825243438
314,-0.15215858621,0.42124969967299997,0.573408285883
315,-0.622711895231,0.898313507409,1.5210254026399999
316,-0.507925416477,0.447276320265,0.955201736742
317,0.178320063858,0.0410299459865,-0.1372901178715
318,0.21565306182500002,0.8507605095469999,0.6351074477219999
319,-0.21746237950599998,-0.965520277709,-0.748057898203
320,-0.279553847265,1.51713011364,1.7966839609049998
321,1.09999501261,0.75251270564,-0.34748230697000004
322,-0.620994412543,1.7332473001700002,2.354241712713
323,-0.91896952778,0.42128478872599995,1.340254316506
324,0.745912543539,-1.1278775296799999,-1.8737900732189998
325,0.309669019784,0.232502295851,-0.07716672393300003
326,-0.679057081129,-0.389015002996,0.290042078133
327,-0.336029118428,-0.23224313988899997,0.10378597853900001
328,-1.07456481904,-0.28762925315,0.7869355658899999
329,0.45980378126000004,0.0949040168519,-0.3648997644081
330,-0.615508706922,0.778749934706,1.3942586416279998
331,0.5344823455300001,1.14798634261,0.61350399708
332,-0.382919502107,-0.22521108446,0.157708417647
333,0.162961349743,0.158224672148,-0.004736677594999988
334,0.460449988089,-0.066114212201,-0.52656420029
335,-0.233870468472,-1.21744672794,-0.9835762594680001
336,0.40462888551200005,-0.586272358363,-0.990901243875
337,-0.7295069208730001,0.819487716949,1.548994637822
338,-1.82002811877,1.80515837574,3.6251864945100003
339,-0.0140229254564,-1.0007143886499998,-0.9866914631935998
340,-1.0151372646899999,0.421424013451,1.4365612781409998
341,-0.6202286466870001,-0.0701954209007,0.5500332257863001
342,0.30674391849599997,0.640992755638,0.334248837142
343,-0.049386515488300003,0.641155487379,0.6905420028672999
344,-0.00930028242073,1.7756766929900003,1.7849769754107303
345,0.697367413117,0.00928687558456,-0.68808053753244
346,1.7445031612900002,-1.01376432091,-2.7582674822
347,0.0632740732849,0.14857754443600002,0.08530347115110001
348,2.09156135782,-0.148271208338,-2.239832566158
349,-1.03825754693,1.7381680469,2.77642559383
350,1.31048604695,-1.8637276423400002,-3.17421368929
351,0.762514856899,-0.0760846775695,-0.8385995344685
352,1.1028354471600001,-0.498568227157,-1.6014036743170001
353,0.321504118661,0.222055913121,-0.09944820553999997
354,1.0933290452,1.18848321779,0.09515417259000003
355,0.303170671078,0.321193312203,0.018022641125000016
356,0.668112866489,0.027507286072999997,-0.640605580416
357,1.51868251903,-1.7599409857599997,-3.2786235047899996
358,1.18784587716,0.100195272502,-1.0876506046580001
359,-1.1271635344700002,-1.13920960472,-0.012046070249999818
360,-0.529531751671,0.689774028323,1.219305779994
361,-0.176458722038,-0.121532279759,0.05492644227900001
362,1.11051516633,0.7119405317399999,-0.39857463459
363,-0.496600219709,-1.42136070485,-0.9247604851410001
364,1.55614694461,0.192815507282,-1.363331437328
365,0.315138751679,1.06453946485,0.7494007131709999
366,-0.351089841805,-0.391331141084,-0.040241299279
367,-0.6422954701829999,0.764083728063,1.4063791982459999
368,0.347883858312,-0.898633073371,-1.246516931683
369,0.318862952493,1.00047728314,0.6816143306469999
370,-0.532558073892,0.298384676015,0.8309427499070001
371,0.401731047642,-1.21867614881,-1.620407196452
372,-0.375133489546,-0.742468105007,-0.367334615461
373,-0.593409177114,-2.22430679,-1.630897612886
374,-0.144267866856,1.30072880688,1.444996673736
375,-0.8246947825669999,-0.64331289079,0.18138189177699993
376,1.28813073489,-1.1351659679000001,-2.42329670279
377,0.38033915183,1.02634906094,0.6460099091099999
378,1.2542579013500001,0.000845962879275,-1.2534119384707252
379,1.14105731192,-0.30001509415800004,-1.441072406078
380,-0.0227634850606,0.8962941227210001,0.9190576077816001
381,-0.229501825345,-1.5558181026299998,-1.3263162772849997
382,-1.89277029803,-0.377137462435,1.515632835595
383,0.622932076844,-0.5803863826,-1.203318459444
384,-0.325328496641,-0.23718392029399998,0.08814457634700001
385,-1.3712443002799999,1.34158415673,2.7128284570099996
386,-1.10774383749,-0.542946756756,0.5647970807339999
387,0.0912961041148,-0.287456128699,-0.3787522328138
388,0.967604775431,2.3837324064,1.416127630969
389,2.0451824986099996,0.652463879798,-1.3927186188119995
390,1.3765769564700001,-0.0809374444039,-1.4575144008739
391,0.025249996351200003,0.015808753592999998,-0.009441242758200005
392,-2.03464605328,-0.744990279974,1.289655773306
393,-0.44053892903700004,-0.25232938803800004,0.188209540999
394,-3.95062719333,-0.37664543573700004,3.5739817575929997
395,1.04536710867,-0.28800313891999996,-1.33337024759
396,1.0987602583,-0.275242518175,-1.374002776475
397,-0.101374694875,-0.620845469811,-0.5194707749359999
398,0.186351094808,0.28930102265,0.10294992784200002
399,1.81520769118,0.060535743465099996,-1.7546719477149
400,2.37976766285,-0.0749385123765,-2.4547061752265
401,-1.2693243277200001,0.288598083888,1.5579224116080002
402,0.0364861885731,-1.73839781393,-1.7748840025031
403,-0.8412131208910001,0.087758618108,0.9289717389990001
404,0.782488718487,0.657721245714,-0.12476747277299993
405,-0.7172135806219999,-2.01378125386,-1.296567673238
406,0.737526222772,0.822260092273,0.08473386950100004
407,0.13041962995200002,0.8529579387880001,0.722538308836
408,-1.11804062471,0.292481959106,1.410522583816
409,-1.3357074586700002,0.235479416061,1.5711868747310003
410,-1.19256887954,0.0650682304991,1.2576371100391
411,-0.0039207453340399994,-1.3909589182799997,-1.3870381729459598
412,0.901706967199,3.22268353578,2.320976568581
413,0.047492114342400006,-0.803114429241,-0.8506065435833999
414,-0.26364649088799996,0.369946449714,0.633592940602
415,0.639829737742,-1.6718211592899999,-2.311650897032
416,3.03392642448,0.510675306944,-2.523251117536
417,-0.310347035493,-0.8976518181759999,-0.5873047826829999
418,-0.0642775924989,-0.636534072091,-0.5722564795921
419,-1.32208013654,0.328707685392,1.650787821932
420,0.26416615823600004,0.847614435246,0.58344827701
421,-0.349838552289,0.323568215605,0.673406767894
422,0.17181952603,-0.300013077746,-0.471832603776
423,-0.0977283454127,-0.991880813527,-0.8941524681142999
424,2.15294723021,-1.73338360583,-3.88633083604
425,0.06879521172,-0.502056398601,-0.5708516103210001
426,1.01398529233,0.762322308764,-0.2516629835659999
427,-1.17254799773,0.8303220300130001,2.002870027743
428,-0.19410340309500002,0.0173337164822,0.21143711957720002
429,-1.32407341794,1.8338904371400002,3.15796385508
430,-0.47407055621399996,0.231598286894,0.7056688431079999
431,-0.7180745943510001,1.45899947132,2.1770740656710004
432,-0.88725069456,-0.991181545341,-0.10393085078099995
433,-0.9948379839749999,0.8583885526639999,1.8532265366389997
434,0.23860434100699998,-2.04866811787,-2.287272458877
435,1.42513955,1.02794468643,-0.39719486357
436,1.4404753574,-0.279236893255,-1.719712250655
437,-0.144213622972,0.9753433369840001,1.119556959956
438,-1.42579302675,1.01321895403,2.43901198078
439,0.8106405210780001,0.225713844569,-0.5849266765090001
440,-1.0861665442100001,0.9583827086139999,2.044549252824
441,-1.13293836412,-0.0409947031949,1.0919436609250999
442,0.89271317631,-2.23007648756,-3.12278966387
443,-0.817012691835,-0.7527787966539999,0.06423389518100009
444,-0.7009203656559999,1.5556638006799999,2.256584166336
445,0.601806958485,-0.233881423035,-0.83568838152
446,-0.471662847254,-0.334774610458,0.13688823679599998
447,-1.38401739727,-0.0573816913296,1.3266357059404001
448,0.18045134568399998,1.38212584915,1.201674503466
449,0.568627836591,-0.08503126258789999,-0.6536590991789
450,-1.7935917242400004,-1.3544515464700002,0.43914017777000014
451,-0.311398091421,1.0629813922600002,1.3743794836810002
452,-0.19484958876400002,0.10899312852,0.30384271728400003
453,1.38474220459,1.1728592071500001,-0.21188299743999983
454,-0.22368553305,2.20966637599,2.4333519090399998
455,1.3520687225499999,0.328529978283,-1.0235387442669999
456,-0.258605999428,-1.44226486713,-1.183658867702
457,-1.4055387897,0.292376824311,1.6979156140109999
458,-0.39293197980899996,-0.234254641745,0.15867733806399997
459,0.8281479468680001,-1.59957541446,-2.4277233613280003
460,0.030937829403599997,-1.14178593357,-1.1727237629736
461,1.41470460521,0.10683399122199999,-1.307870613988
462,-0.600776418229,0.9762848576659999,1.5770612758949998
463,0.13675666393400002,-0.42144573555500003,-0.5582023994890001
464,0.474633232812,0.592308831708,0.11767559889599999
465,-0.35952990363399995,0.221689092873,0.5812189965069999
466,-0.9171169108480001,-0.0205759543677,0.8965409564803001
467,-0.925176836318,0.885957558105,1.811134394423
468,-0.41046919283699995,0.6964366854009999,1.106905878238
469,-0.49581413254699996,-1.4935386435,-0.997724510953
470,0.0813014520877,0.704967317361,0.6236658652733
471,-0.5456950160230001,0.13274893193499998,0.678443947958
472,0.597918146253,-2.9081851946099997,-3.5061033408629996
473,-0.722110974827,-1.4812545172100002,-0.7591435423830002
474,-0.400957505273,0.443535467091,0.844492972364
475,-1.50549626776,0.442750381383,1.948246649143
476,1.32778479699,-0.534863758689,-1.8626485556790002
477,2.0024203419299997,1.42460386364,-0.5778164782899997
478,0.119659306721,-1.0107138033399998,-1.130373110061
479,0.188857619472,-2.0183042628,-2.207161882272
480,1.0188793580700002,-1.6737846808899999,-2.6926640389600003
481,-1.34711474688,0.662448333488,2.0095630803680002
482,-1.8203578921,-1.52372773426,0.29663015784000013
483,1.06302622817,0.763439923121,-0.2995863050490001
484,0.287651827694,-0.208656787563,-0.496308615257
485,-0.19417491036899998,0.903711267746,1.097886178115
486,0.746918593978,0.09613293467700001,-0.650785659301
487,-0.58813894951,-0.06295418048569999,0.5251847690243
488,0.158661176566,-0.5349508978809999,-0.6936120744469999
489,0.7853133748890001,-1.10965599194,-1.8949693668290002
490,-1.13954905764,0.562601294014,1.7021503516540002
491,-0.192181921585,0.669600879971,0.8617828015560001
492,-0.287513130719,1.4376340811000001,1.725147211819
493,-0.515886552713,-0.276879502746,0.239007049967
494,-1.6612599889,0.8060566276100001,2.46731661651
495,0.651391075552,0.729518217152,0.0781271416
496,-0.09461026778519999,-0.134309710663,-0.0396994428778
497,-0.395524863365,1.1450160468600001,1.540540910225
498,1.41151867973,0.9738744404530001,-0.4376442392769998
499,-0.38132799004900003,1.7501994291099998,2.1315274191589997
500,-0.05451902171299999,0.571665695204,0.6261847169170001
501,1.16896469063,-0.399842819964,-1.568807510594
502,0.43744294388300003,-0.688558080238,-1.1260010241210001
503,-1.8920371961700002,3.03931351787,4.931350714040001
504,-1.66412526535,-0.540991593922,1.123133671428
505,0.603436404703,-0.08949990182489999,-0.6929363065279
506,0.6908448940080001,-1.91774271818,-2.608587612188
507,0.305854183273,-1.10655036623,-1.412404549503
508,-0.434298359616,1.47266258618,1.906960945796
509,2.3469723533,0.451499892311,-1.895472460989
510,-0.204781036296,0.86852603994,1.073307076236
511,-0.920412506222,0.951696158354,1.872108664576
512,0.600948352074,1.7548996774099999,1.1539513253359999
513,0.5520641308209999,0.0235038497032,-0.5285602811178
514,1.52334035491,-0.0447224031711,-1.5680627580811
515,0.640442130369,-0.026470342812700002,-0.6669124731817
516,-0.400902166657,0.30721301398,0.7081151806370001
517,0.256486081274,-1.1666102489599999,-1.4230963302339998
518,-0.19992536522100002,1.57565156608,1.775576931301
519,0.741511432303,1.6533516822,0.9118402498970001
520,0.50231464483,0.42062086131899995,-0.08169378351100004
521,-1.19659742577,0.699137556475,1.895734982245
522,2.07618656445,1.1773144809799998,-0.8988720834700001
523,0.216618841697,0.063202208402,-0.153416633295
524,-0.557118712444,-1.5963099910299998,-1.0391912785859998
525,-0.148442254085,0.577553784824,0.725996038909
526,-0.966849835402,0.006678917699270001,0.97352875310127
527,-0.7364874800210001,-0.525832344355,0.21065513566600003
528,0.028707308753299996,-0.141972050187,-0.17067935894029998
529,-0.49096531836199997,1.3823151845299997,1.8732805028919997
530,0.362482728586,-0.477778313045,-0.840261041631
531,-1.51935084248,0.20310903092399998,1.722459873404
532,-0.254821800814,0.236632208526,0.49145400934000005
533,0.168966474241,-0.14950433306299998,-0.318470807304
534,0.48524790025,0.8370357347490001,0.3517878344990001
535,2.02842913428,-0.0186317258142,-2.0470608600942
536,0.475871933226,0.910371527582,0.434499594356
537,1.3847033922299998,0.049226831789300006,-1.3354765604406997
538,0.46641658627599997,-0.148575550347,-0.614992136623
539,-0.16262480122,0.639986686151,0.802611487371
540,-0.455720888146,0.17219449802700001,0.627915386173
541,-0.009824033505959999,0.708005186459,0.71782921996496
542,0.495960694444,-1.5961311348500002,-2.092091829294
543,1.1092603506899998,-0.5050335841929999,-1.6142939348829999
544,-0.48652354816699994,0.0407425656797,0.5272661138467
545,0.49842652555699996,1.30096272066,0.8025361951030001
546,2.2946601945400005,-0.338212975957,-2.6328731704970005
547,0.598001345633,1.16644181518,0.568440469547
548,-0.17306932379700002,-0.0196620927813,0.15340723101570003
549,0.22701295886700001,-1.6796774255200002,-1.9066903843870002
550,-1.09249814626,-2.18634102107,-1.09384287481
551,0.863311203716,-0.474027323857,-1.337338527573
552,0.445811054339,-0.559089993977,-1.004901048316
553,1.15812120699,-1.46839304199,-2.62651424898
554,0.0150001161696,0.40316071735500003,0.3881606011854
555,0.245951851166,1.04462273596,0.7986708847940001
556,0.5579817461209999,0.212540073077,-0.3454416730439999
557,0.644648400938,-0.160569761975,-0.805218162913
558,-0.0811878659072,1.3553704793399999,1.4365583452472
559,0.8199225787559999,0.97658783189,0.15666525313400004
560,2.34913291458,-0.46687649682,-2.8160094114
561,-0.608377600388,-0.547220570071,0.06115703031700004
562,-0.134515150025,-1.45693835032,-1.322423200295
563,-0.155122013359,-1.1150625985,-0.959940585141
564,-0.862115631258,0.444148462403,1.306264093661
565,0.658241864132,-0.652914393904,-1.311156258036
566,1.5947632158200002,0.530471517265,-1.0642916985550004
567,0.875951217888,-0.137317952764,-1.013269170652
568,2.18945327806,-0.647791733314,-2.8372450113739998
569,-0.844586452762,-0.892687065104,-0.048100612342000026
570,-0.739631935067,1.1918881398999999,1.9315200749669998
571,1.0622411272499999,0.45532137706299997,-0.6069197501869998
572,0.421682984933,1.3685277638,0.946844778867
573,1.17216363884,0.073331231746,-1.098832407094
574,0.0044695308362,-1.14617156081,-1.1506410916462
575,-0.147603919129,1.73475065153,1.882354570659
576,0.42836624232000003,-1.58127746574,-2.00964370806
577,0.513155638657,-0.0697624971318,-0.5829181357888
578,-1.2703431376,0.5925671361689999,1.862910273769
579,-0.78216274529,-1.43771180725,-0.65554906196
580,0.0389847181114,1.35552779713,1.3165430790186
581,-0.479432238324,0.56878409055,1.048216328874
582,0.40339101995800003,-0.142263936415,-0.545654956373
583,-0.5570065153670001,0.557178004568,1.1141845199350002
584,-3.00538956136,-1.7828085475,1.22258101386
585,0.101697926951,1.3116251533499999,1.209927226399
586,0.319190582349,-0.39002023347900006,-0.709210815828
587,-0.45110596787199997,1.07851142923,1.529617397102
588,-2.90128773375,0.83140120057,3.7326889343199996
589,-0.5975225731620001,0.164979908204,0.7625024813660001
590,2.15606122872,-0.314161134033,-2.4702223627530002
591,-0.138123831338,-0.642711061249,-0.504587229911
592,-0.623231704353,0.562871913443,1.186103617796
593,0.179237635956,0.031599344532,-0.147638291424
594,-1.82107278676,0.11780296172700001,1.938875748487
595,1.8255088252,-2.2471264489,-4.0726352741
596,-1.13351027982,-0.47794051300800006,0.655569766812
597,-0.973935204111,-0.321368303136,0.6525669009749999
598,-0.6757140350949999,0.8281319875800001,1.503846022675
599,1.26666559308,0.21657446277399997,-1.0500911303059999
600,-0.292416021925,-0.28781172835700003,0.004604293567999962
601,-0.36542055011200003,0.938177349333,1.3035978994450002
602,-1.08476722975,-0.962807487964,0.121959741786
603,0.456362211975,-1.09765366134,-1.554015873315
604,-2.76887426806,-0.058870768168800006,2.7100034998912
605,-1.80890172928,0.641425801683,2.450327530963
606,-0.715691154437,-1.14444028448,-0.42874913004299986
607,-0.10746115468,-0.0603757559024,0.047085398777600006
608,-0.718359106595,1.01234876982,1.730707876415
609,0.616088494372,-0.11718659163100001,-0.733275086003
610,1.23301037418,-0.563969928607,-1.796980302787
611,0.278273047754,0.24347080134,-0.03480224641400004
612,-0.0936184859542,1.49616379169,1.5897822776441999
613,-1.47019102848,-0.0687179586982,1.4014730697817999
614,-1.6341603115999999,0.590897077433,2.225057389033
615,1.3782324784,0.827729264152,-0.550503214248
616,-0.21771749348900002,-1.7844864503400002,-1.5667689568510001
617,0.377127290989,1.21305607881,0.835928787821
618,0.295611219875,-0.16115364179000002,-0.456764861665
619,0.72575283133,2.07107426072,1.3453214293900002
620,-0.34282707233000004,0.80799099557,1.1508180679
621,-0.745277023532,0.0283009859194,0.7735780094514
622,0.719704262873,-1.0470284497700002,-1.7667327126430004
623,1.60305387481,0.614860904054,-0.9881929707560001
624,-0.472429488667,-0.7879596854719999,-0.3155301968049999
625,-0.577974524157,0.951915911214,1.5298904353710001
626,1.54282654773,0.44035212137199997,-1.102474426358
627,0.987989873703,0.64581792522,-0.3421719484829999
628,0.8852033091760001,-0.754775121739,-1.639978430915
629,0.609708407136,1.34892703617,0.739218629034
630,-0.742389275861,0.662425489669,1.4048147655299998
631,-1.51681131383,1.10116221534,2.61797352917
632,0.144608308388,-0.492626154961,-0.637234463349
633,-0.117969736135,0.445312430162,0.563282166297
634,-0.0555428648596,-0.39710499111,-0.34156212625040006
635,-0.13236878891599999,2.14073353411,2.273102323026
636,2.07460433117,0.408692085541,-1.6659122456290003
637,0.302148535386,0.36104755090999996,0.058899015523999954
638,1.14383892214,0.049052737015899996,-1.0947861851241
639,-0.07489946304930001,-2.2255559629499997,-2.1506564999006996
640,-0.651357563998,-0.32887679571899997,0.3224807682790001
641,1.4886216342200003,-0.443314971475,-1.9319366056950003
642,-0.391775125555,0.852977242482,1.244752368037
643,0.895797163227,-1.30609184335,-2.201889006577
644,0.831127252432,-0.672748839347,-1.503876091779
645,0.317009664906,-1.22933919298,-1.546348857886
646,0.9821517587799999,0.9468019934540001,-0.03534976532599987
647,-0.6801668615459999,-0.39683141710299996,0.28333544444299996
648,-0.260861770658,0.30084199525,0.561703765908
649,0.12793440457,-0.5023263998699999,-0.63026080444
650,-0.39253743650899997,-0.45673905118,-0.06420161467100005
651,-0.961025670398,1.4217546341,2.382780304498
652,0.984316433213,-1.03626904184,-2.020585475053
653,-0.180793661956,-1.66335204986,-1.482558387904
654,-0.215723820289,-1.0628685239,-0.847144703611
655,-0.7725281126729999,2.54087827976,3.3134063924329995
656,-0.38522080560000005,-2.29278003533,-1.90755922973
657,1.34367927425,-0.769640667024,-2.1133199412740002
658,-0.404108557176,-2.04748910175,-1.6433805445740002
659,1.3989275052599999,0.650468510147,-0.7484589951129998
660,0.153155969278,-0.8723234917120001,-1.02547946099
661,1.92281699778,-0.290060239662,-2.212877237442
662,-0.462926261478,1.8499632904799999,2.312889551958
663,-1.8626285807299998,0.38707992833000004,2.24970850906
664,-2.10671707495,0.054745768689,2.161462843639
665,0.603525627426,0.062394877856599994,-0.5411307495694
666,1.9298189476700003,0.16217793271400002,-1.7676410149560002
667,0.24035240144499997,1.5662394508700002,1.3258870494250001
668,0.154224329191,2.45221297925,2.297988650059
669,-1.86041558083,0.157273225396,2.017688806226
670,0.48102281272,-1.2936501865,-1.77467299922
671,-0.0580747113375,0.9112476387039999,0.9693223500414999
672,-1.7082222312399997,0.9496748542389999,2.6578970854789996
673,-0.157799506304,0.9794543289309999,1.137253835235
674,1.3409702653,-0.9691638262190001,-2.310134091519
675,-0.760056981723,0.42498835545999997,1.1850453371829999
676,-1.28200620541,-1.5057356218399998,-0.22372941642999966
677,0.42540898185000003,-0.48651501018200005,-0.9119239920320001
678,-0.325769837424,-0.5098327406059999,-0.18406290318199992
679,-0.879317638767,2.4361127486400003,3.3154303874070004
680,-0.150004040616,0.664946046418,0.8149500870340001
681,-0.733359230217,-0.591169728989,0.142189501228
682,-0.19464903710200002,-0.6707720641699999,-0.4761230270679999
683,-0.36560706786499997,1.9985285477799999,2.364135615645
684,0.278086702913,1.7222456880099999,1.4441589850969998
685,-0.46655747687700005,1.5433996466,2.009957123477
686,1.60224855311,0.35588661411899997,-1.246361938991
687,-0.0469891998141,-1.56333154803,-1.5163423482159
688,2.16048022332,-0.7563229792910001,-2.9168032026110002
689,-1.2198276262899999,1.7001451863100001,2.9199728126
690,0.30408714526299996,-0.291566195758,-0.595653341021
691,-0.0936169118555,-0.19869772859700002,-0.10508081674150002
692,0.45222364890699995,0.722902342844,0.27067869393700006
693,1.3616702792200002,0.9317479091769999,-0.42992237004300027
694,-0.931738500194,0.613659578157,1.545398078351
695,-1.00668506298,-0.6439408115199999,0.36274425146
696,-0.598373509662,0.0194007571025,0.6177742667645
697,0.433832009094,-1.3842369430099999,-1.8180689521039999
698,0.40005500808899996,-0.24867369246800003,-0.6487287005569999
699,-0.007836296285720001,2.0244026656200003,2.0322389619057204
700,0.918515907117,-1.2472730047299998,-2.1657889118469997
701,1.00135826549,1.05087121697,0.04951295148000012
702,0.292454919014,0.00251420492279,-0.28994071409121003
703,-0.0445399258589,-0.131989383761,-0.0874494579021
704,0.717411620267,2.08947092413,1.372059303863
705,1.37421380062,0.24065996660300001,-1.133553834017
706,-0.40741857479800003,-0.142415502258,0.26500307254
707,-1.91767710596,-0.6951679977930001,1.2225091081669999
708,0.363699462492,1.16029906929,0.7965996067979999
709,0.125849687085,0.46911397522799997,0.343264288143
710,1.43039439752,0.6237009660289999,-0.806693431491
711,-1.0820917329200002,-0.768572840511,0.3135188924090001
712,-0.32823269061099997,0.7618923875679999,1.090125078179
713,0.492685239965,-0.048740946422800004,-0.5414261863878
714,-1.6896021540900001,-0.787756296893,0.9018458571970002
715,0.139384269353,-0.6965029147499999,-0.8358871841029999
716,-0.487120472078,-0.42148137870200003,0.06563909337599999
717,0.755891914752,0.19252597011199998,-0.56336594464
718,-0.199678410306,0.895973093488,1.095651503794
719,-0.42842286336900004,0.761234216135,1.189657079504
720,0.7922490364679999,0.768539737881,-0.023709298586999883
721,-0.265376377153,-0.445477228696,-0.18010085154299998
722,-0.78842682006,1.9012518113599999,2.6896786314199996
723,-0.234318508882,1.7875840249500001,2.0219025338320002
724,0.42622053954000005,1.0681066992200001,0.6418861596800001
725,0.30901226980200003,2.09188276732,1.782870497518
726,0.31941136972600004,-1.53342352395,-1.852834893676
727,-1.0815996674200001,-0.701400456535,0.3801992108850001
728,-1.12963434023,0.136969739414,1.266604079644
729,0.272552474112,0.186893473187,-0.085659000925
730,-1.36143461325,-1.0104714240500001,0.3509631891999998
731,-0.436175731924,0.83122835409,1.267404086014
732,0.529171524154,0.250705529101,-0.278465995053
733,1.71359371259,0.6118775717230001,-1.101716140867
734,0.22370660597,1.7105670122999999,1.48686040633
735,-0.265854113781,-0.215274870046,0.050579243735
736,-0.363322781593,-0.291655376709,0.07166740488400003
737,-1.5311734821899998,-0.412469522381,1.1187039598089998
738,-0.10775588287999999,0.863852213904,0.971608096784
739,0.050367663941800006,0.9156646078730001,0.8652969439312
740,0.5867705931180001,0.832596602705,0.24582600958699996
741,-0.617615263573,-1.94212808978,-1.324512826207
742,1.90347849396,-1.0395622362,-2.94304073016
743,-0.658548589984,-1.12006992549,-0.46152133550599994
744,-0.380750359606,0.381533251871,0.762283611477
745,0.40414583317900005,0.00562114004912,-0.39852469312988004
746,0.520534912914,-0.548186942686,-1.0687218556
747,-0.46820283248899996,-1.11519734905,-0.646994516561
748,-1.53034221446,0.363549994253,1.8938922087130001
749,0.60938847677,-0.11874642684499999,-0.728134903615
750,1.67558665097,-0.23412426193900002,-1.909710912909
751,1.3160000734000001,-0.181936825824,-1.497936899224
752,1.3279105197499999,-0.319705793437,-1.6476163131869999
753,-0.17216901335,1.76294628475,1.9351152981
754,1.5064038531600001,1.38236015907,-0.12404369409000005
755,1.1975897635700001,0.172247251431,-1.025342512139
756,0.5884283883899999,-2.6177093598599996,-3.2061377482499998
757,-0.288163279472,-2.43298295052,-2.144819671048
758,0.143661095162,0.175067327454,0.031406232291999986
759,0.83518327459,-0.42228533606799995,-1.257468610658
760,-0.499899994414,-1.04030896342,-0.540408969006
761,-1.89898473186,-1.32258533873,0.57639939313
762,1.9648503520200002,-0.922176246949,-2.8870265989690003
763,0.0592375983307,0.749479706799,0.6902421084683
764,-0.9976700399770001,1.64689814774,2.644568187717
765,-0.20238793491999998,0.49422211284999995,0.6966100477699999
766,0.488966621,-0.286452634493,-0.775419255493
767,0.128960667365,-0.904462139953,-1.0334228073179998
768,-1.14636787653,0.136425805319,1.282793681849
769,0.5425935201650001,-0.548362606227,-1.090956126392
770,0.00130975651783,-0.8135380238009999,-0.81484778031883
771,-1.18326256652,-0.478069054617,0.7051935119030001
772,-1.4364294431,-0.36131351548100005,1.0751159276189999
773,-0.171745149104,-0.461753944049,-0.290008794945
774,-1.6864974398500001,-0.6223853112309999,1.064112128619
775,1.19516407003,0.199531246459,-0.9956328235709999
776,0.354328686805,-1.76530885564,-2.119637542445
777,0.530103826714,0.8824854176010001,0.35238159088700005
778,0.194276792045,0.056784676506000005,-0.137492115539
779,0.7199804493619999,-1.10035009437,-1.8203305437319999
780,-0.9075357583689999,-1.4913842175999998,-0.5838484592309999
781,-0.38282618735699997,0.7520819762459999,1.1349081636029998
782,0.965942691969,-0.445497536251,-1.41144022822
783,0.259084418289,0.204343796912,-0.054740621376999976
784,-1.64397642927,0.121782449751,1.7657588790210001
785,0.383553011922,-1.4849539673199998,-1.868506979242
786,0.281483708785,-0.773518655165,-1.05500236395
787,-0.061556519786099995,0.597734867938,0.6592913877241
788,-1.2359622547700002,0.168301887047,1.4042641418170003
789,0.00668980033186,-1.5052735626,-1.51196336293186
790,-2.6152101180400003,0.495108380745,3.1103184987850003
791,0.162846525481,0.0809216566902,-0.0819248687908
792,1.2911509879799998,0.649006723366,-0.6421442646139999
793,0.07749388989099999,-0.0146865513783,-0.09218044126929999
794,-0.17091131464,-0.015339967182,0.155571347458
795,-0.47505078138499995,-1.32379153176,-0.848740750375
796,-0.5895125426860001,-0.15592780458,0.43358473810600007
797,-1.08303198142,-0.20813009929200002,0.874901882128
798,1.29934447359,-0.777801733295,-2.0771462068849997
799,-1.27837912109,-0.670851135274,0.607527985816
800,0.423422142092,-1.2754591281,-1.698881270192
801,0.13112641312200002,1.09392593025,0.9627995171279999
802,-0.97284412115,-1.01577953007,-0.04293540892000014
803,0.352200026791,0.614303252976,0.262103226185
804,0.590971689317,0.240350355293,-0.350621334024
805,0.267084820143,-0.476508511223,-0.7435933313659999
806,-2.49623784472,0.0417890687604,2.5380269134804
807,-0.362824652496,0.5432699427059999,0.9060945952019999
808,0.421290374481,0.646103419978,0.22481304549700004
809,0.612427240021,0.524455491237,-0.08797174878400005
810,1.58054463942,-0.0121410350628,-1.5926856744828
811,0.0327172801139,-0.658480684576,-0.6911979646898999
812,1.44520318199,-0.236815823753,-1.682019005743
813,-0.8145597557969999,-0.425942647477,0.3886171083199999
814,-0.6788458380079999,-0.288916848096,0.3899289899119999
815,-0.521434769039,0.0765993226876,0.5980340917266
816,1.66334522564,0.7027835063760001,-0.960561719264
817,0.0254542710848,1.75509714341,1.7296428723252
818,-0.380510520384,-0.45150823852300004,-0.07099771813900002
819,0.35438625061499995,-1.13391980658,-1.488306057195
820,-1.22136795149,0.856377218154,2.077745169644
821,-1.25306226671,-1.1099823847499999,0.1430798819600001
822,0.382179061089,-0.552749894319,-0.934928955408
823,-0.872423099833,-0.7036016287379999,0.16882147109500012
824,0.32047017456099997,-0.325550352276,-0.646020526837
825,1.67323399178,-1.1130130486499998,-2.78624704043
826,-0.35142807147200006,0.17845109219900002,0.5298791636710001
827,-1.27144151442,0.24022257887499998,1.5116640932949998
828,1.20693506686,-0.0625347601444,-1.2694698270044
829,0.692555790317,-0.852563548926,-1.545119339243
830,0.798325463754,0.617622080567,-0.18070338318700008
831,1.4312226992299997,0.788714399038,-0.6425083001919997
832,-1.9434566023099997,1.30215187146,3.24560847377
833,-1.5719469975600002,-0.757485973489,0.8144610240710002
834,-2.8899964790599997,0.264623951058,3.154620430118
835,-0.609465989757,0.23911183511,0.848577824867
836,0.030383570884599996,0.164866139481,0.1344825685964
837,1.01988073955,-0.11348706777300001,-1.133367807323
838,-0.51290766354,-1.16055988236,-0.6476522188200001
839,-0.733832144884,0.713781617164,1.4476137620479999
840,-0.19092135402600002,-0.8978592077850001,-0.7069378537590001
841,-0.914896761699,1.2185794252200002,2.133476186919
842,0.30000988704500003,0.0199159829629,-0.28009390408210005
843,0.8334928330079999,-1.36814201863,-2.201634851638
844,0.00646403985626,-0.0783060179397,-0.08477005779596
845,-0.319379948905,0.404434213776,0.723814162681
846,-0.184067455322,-0.23033237229200001,-0.046264916970000014
847,0.156222881504,-0.982840797921,-1.139063679425
848,0.12031731593100001,0.353198576848,0.23288126091699998
849,-0.648814795223,2.5110762495400003,3.1598910447630004
850,0.658884240947,0.151834419425,-0.5070498215220001
851,0.602909020858,-0.056174759096,-0.659083779954
852,1.13557728325,1.68122615844,0.5456488751899999
853,1.18988334798,0.242427183721,-0.9474561642589999
854,0.176182220337,-0.39699711398500004,-0.5731793343220001
855,-0.10246604026799999,0.254935980299,0.357402020567
856,0.35377576757600004,1.94009834252,1.586322574944
857,0.326014266662,-0.5736419478379999,-0.8996562145
858,0.18475038926399998,1.33457093573,1.149820546466
859,0.4817402867600001,3.80433060681,3.3225903200499998
860,1.51627212857,1.7369055194299998,0.22063339085999978
861,1.45120598877,-0.025776674832700002,-1.4769826636027
862,0.786174434576,-0.529597019582,-1.315771454158
863,-1.4373095960100002,0.464019758306,1.9013293543160001
864,-0.141387201483,0.499539953898,0.640927155381
865,0.5796759122699999,1.06299379933,0.4833178870600001
866,0.777314555663,-0.6719786942829999,-1.4492932499459998
867,0.252087113606,-0.0795560485035,-0.3316431621095
868,0.133569768357,-0.480988288643,-0.614558057
869,-0.521995445778,-0.560642242178,-0.038646796400000016
870,0.36360861822400004,-0.8238989355699999,-1.187507553794
871,1.87859048506,-1.5567140194,-3.43530450446
872,-0.379443989587,-1.45271510681,-1.0732711172229998
873,1.2538367584299999,0.10774315049000001,-1.14609360794
874,1.4601715541,1.1671847566,-0.2929867975
875,0.115486086257,0.8792962851299999,0.763810198873
876,-0.058730090101800005,-1.7619109444999999,-1.7031808543981999
877,0.849683799342,-0.21992794733600002,-1.069611746678
878,1.54403847889,0.348017475651,-1.196021003239
879,0.33362505299,1.7042069009799998,1.3705818479899998
880,-0.410522697905,-0.182184971382,0.22833772652300002
881,-1.00543563439,-0.263865455836,0.7415701785539999
882,-0.554342971044,2.60585594351,3.160198914554
883,-0.0440424162223,1.08078355436,1.1248259705823
884,1.0028356809,3.05519778166,2.05236210076
885,-0.44401161727399996,0.0912733506284,0.5352849679024
886,-1.0466249387200002,0.332497368584,1.3791223073040002
887,-1.13800244296,1.02914229698,2.16714473994
888,-0.662410566196,0.024367918107699997,0.6867784843037
889,-1.7028520285799997,-0.013855552845,1.6889964757349998
890,-1.07464819408,-0.08913899526560001,0.9855091988143999
891,0.830088708101,0.530904109708,-0.29918459839300005
892,-0.363190627258,0.356311522068,0.719502149326
893,-0.9049009706129999,-0.692594384016,0.21230658659699986
894,0.685098267658,-1.06934926358,-1.754447531238
895,-0.714103777819,0.7468538044840001,1.460957582303
896,-1.19707769877,-1.15718743813,0.03989026064000001
897,0.480850153419,0.795861479816,0.31501132639699997
898,-0.259887465333,0.328801366065,0.588688831398
899,-1.0149790089,-0.289185493971,0.7257935149289999
900,-0.983103957572,0.474122042876,1.457226000448
901,0.6853547350839999,-0.0976589572638,-0.7830136923477999
902,0.333978670889,1.2280166190700001,0.8940379481810001
903,-0.135471678542,-0.808804570971,-0.673332892429
904,0.5093904900999999,-0.497757022755,-1.007147512855
905,0.18046743962900003,-0.792572755816,-0.973040195445
906,0.477341723007,-0.0192298876225,-0.4965716106295
907,-1.00909387163,-0.904391382078,0.10470248955200001
908,1.15450099528,0.301724751076,-0.8527762442040001
909,-0.596213811462,1.3032265679000001,1.8994403793620003
910,0.522267029572,0.06504357331119999,-0.4572234562608
911,-0.500438057876,-1.9184183243400001,-1.4179802664640002
912,-0.588211488683,-0.657413454287,-0.06920196560400005
913,0.804577258142,-0.21771140936299999,-1.022288667505
914,-2.2372677020400005,0.551043336897,2.7883110389370005
915,-0.0413169783051,-1.1541741438700002,-1.1128571655649002
916,-0.6901580037389999,-0.6367028582940001,0.05345514544499985
917,-0.295030542741,0.25440818083,0.549438723571
918,1.9693548570500001,-0.829079046917,-2.798433903967
919,-0.131806465638,1.4192757201100001,1.5510821857480002
920,-2.15804679051,-0.00400420691592,2.1540425835940797
921,-0.9871899921580001,-0.6774386925329999,0.30975129962500014
922,0.43306364204099995,-0.592572187313,-1.025635829354
923,2.12424600902,-0.474084166544,-2.598330175564
924,0.837321630292,-0.961728655731,-1.799050286023
925,0.840705826162,-1.90584613938,-2.746551965542
926,-0.475763056729,0.347518145214,0.823281201943
927,0.304450015283,1.21205626351,0.9076062482270001
928,-1.21333280203,-0.413364380728,0.799968421302
929,-1.63775013055,0.320380716471,1.958130847021
930,0.487748775939,1.57612855897,1.088379783031
931,1.16127205237,-0.32721257604000004,-1.48848462841
932,-0.857927651299,-0.5931742772999999,0.264753373999
933,0.33183535172899997,-1.03768310269,-1.369518454419
934,0.419265399802,1.94555974407,1.5262943442680001
935,-0.176073260836,0.386224348443,0.562297609279
936,-3.10883268694,-0.984320628567,2.124512058373
937,-0.931448379189,-1.0566758971799999,-0.12522751799099985
938,-2.27781859269,-1.6476690060199999,0.6301495866700002
939,-0.2495330924,0.0894991964092,0.3390322888092
940,-0.8718772475740001,1.1716915258399998,2.043568773414
941,-0.961283386661,0.8488756957410001,1.810159082402
942,0.443840531132,0.255602727571,-0.188237803561
943,-1.23467891405,0.229523109412,1.4642020234620001
944,-0.170886182259,0.444534721704,0.615420903963
945,-1.36085850887,-0.983060251815,0.37779825705500003
946,-1.03795738062,2.35273224436,3.39068962498
947,-0.268160239595,-0.226269217661,0.04189102193400002
948,-1.35290901109,-1.3429929896200001,0.009916021469999814
949,1.25257328105,-0.990796638734,-2.243369919784
950,1.40314651458,-0.852923714459,-2.256070229039
951,-0.253526626921,1.19318040396,1.446707030881
952,-0.924744228133,0.348481703438,1.273225931571
953,1.4742211679799997,0.9851857499779999,-0.4890354180019998
954,-1.7242328269099998,-0.06091774514719999,1.6633150817627997
955,-0.42956240408699997,-1.08274073203,-0.653178327943
956,0.573426635879,-0.382577992285,-0.956004628164
957,-1.56581086741,0.10589867462300001,1.671709542033
958,-0.465581261287,0.710226830399,1.175808091686
959,-1.08471587327,-0.155175493655,0.9295403796149999
960,0.0359426856846,-1.6422733061700001,-1.6782159918546
961,0.8184925667659999,-0.332616581436,-1.151109148202
962,-0.310275721937,0.8271063102670001,1.137382032204
963,1.8980855747999998,0.514166232043,-1.3839193427569998
964,0.114097989663,-0.914862072667,-1.02896006233
965,-0.19335431383999999,-1.05530658353,-0.8619522696899999
966,0.244615824239,1.57044688271,1.325831058471
967,-1.11840725802,-0.8227435897050001,0.2956636683149999
968,-0.322142003326,-1.5733227471,-1.251180743774
969,0.5986234532810001,-0.61456898839,-1.213192441671
970,1.46328735943,1.38361602968,-0.07967132975000002
971,0.314866376736,1.13226495644,0.817398579704
972,-1.29317821536,-0.5407828339949999,0.7523953813650001
973,-1.15930414348,0.174722642332,1.334026785812
974,-0.0933901000681,-0.617717932879,-0.5243278328109
975,0.663783085274,0.315761470977,-0.34802161429699996
976,-0.554426549993,-0.904234991534,-0.349808441541
977,-1.5098332359200002,-0.162370202617,1.3474630333030002
978,0.791961947563,-0.44605057546599997,-1.238012523029
979,0.613991304052,-0.266304026103,-0.880295330155
980,-0.0121668046058,2.33432193016,2.3464887347657997
981,-0.399627174724,-0.6684731727250001,-0.26884599800100006
982,0.0769338083219,-0.417458506788,-0.4943923151099
983,-0.30154491206,0.319024421932,0.620569333992
984,-0.7679717083300001,1.7487785463799999,2.51675025471
985,-1.86534651771,0.00993116661675,1.87527768432675
986,1.56547298729,0.684493412044,-0.8809795752459999
987,0.673534327531,-0.137660989178,-0.8111953167089999
988,0.5017633087460001,1.04118876232,0.539425453574
989,1.20243808286,-0.548891869212,-1.751329952072
990,-2.3579638483200003,0.348634321057,2.706598169377
991,-0.18191292903499998,0.44589130502999996,0.627804234065
992,-0.00381099391535,-1.1305327633600002,-1.1267217694446503
993,1.15696469704,-0.573493010606,-1.730457707646
994,-0.110877788308,-1.8767335038900004,-1.7658557155820003
995,-1.2858768992,0.277068088817,1.562944988017
996,0.149209219504,0.350021615133,0.200812395629
997,-0.0945312693131,0.434381118552,0.5289123878651
998,0.08750811364460001,1.29235416985,1.2048460562054
999,0.0440065581661,1.1486589691,1.1046524109339
